era,provincia,n,shannon_H,evenness,n_types
pre1990,CABA,95574,1.0980611484239826,0.5280557911413732,8
pre1990,Buenos Aires,49871,1.4306482810865884,0.7352077801645309,7
pre1990,Santa Fe,17729,1.4354409341639758,0.690301172402463,8
pre1990,Santiago del Estero,1142,1.4221663841225785,0.7308489473745752,7
pre1990,Mendoza,6217,1.4611918801408375,0.702684759755469,8
pre1990,Entre Ríos,3692,1.47126233896718,0.7560792771862761,7
pre1990,Jujuy,1066,1.314513079941153,0.6755260928051142,7
pre1990,San Juan,2118,1.3840277869952335,0.711249585530525,7
pre1990,Catamarca,764,1.2635190823447082,0.649320361969494,7
pre1990,Córdoba,12541,1.4641901648801863,0.7041266299303462,8
pre1990,Corrientes,2206,1.4635082104816814,0.7520944434110564,7
pre1990,Chaco,2187,1.4386068447081,0.691823653549765,8
pre1990,La Pampa,1537,1.486227288424603,0.7637697399060929,7
pre1990,Chubut,1481,1.4746509697540595,0.7091572137020942,8
pre1990,Misiones,2406,1.4265671746791357,0.7331105063467065,7
pre1990,Formosa,698,1.3809894545603087,0.7096881915286488,7
pre1990,Neuquén,1578,1.4408001778585868,0.7404248230875697,7
pre1990,Salta,2078,1.4015667272636894,0.7202628178614064,7
pre1990,Tucumán,2987,1.4589536074321,0.7497538404537242,7
pre1990,Río Negro,2321,1.4750960070912325,0.7093712314218775,8
pre1990,Santa Cruz,644,1.4589621871107208,0.8142623003629424,6
pre1990,La Rioja,844,1.317378396911052,0.6769985744463092,7
pre1990,San Luis,1949,1.1430195386125674,0.5496762066651807,8
pre1990,Tierra del Fuego,582,1.1231833433281597,0.5772020583136559,7
menem,CABA,112673,1.0277409855943256,0.5281543888823778,7
menem,Buenos Aires,49249,1.351175000949615,0.6497778244143834,8
menem,Santa Fe,16542,1.1618579007456433,0.5587355438744671,8
menem,Santiago del Estero,1902,1.399490717065574,0.7191959596618522,7
menem,Mendoza,8438,1.3918401761639014,0.6693336399538939,8
menem,Entre Ríos,2959,1.4258203253245805,0.7327267017014006,7
menem,Jujuy,1635,1.484456966575766,0.7628599744425146,7
menem,San Juan,2809,1.16931085074423,0.5623196552087852,8
menem,Catamarca,1164,1.2869775933933147,0.6613756519118354,7
menem,Córdoba,11744,1.2589729831434742,0.6054380264647583,8
menem,Corrientes,2209,1.3592082933292395,0.6984948888771141,7
menem,Chaco,2859,1.2236005357311734,0.5884274749761477,8
menem,La Pampa,1339,1.4639583990026783,0.7523257945457505,7
menem,Chubut,2223,1.3285336523185007,0.6388896372846679,8
menem,Misiones,3050,1.164585175687625,0.5984783913342554,7
menem,Formosa,1043,1.342070369527386,0.6453994222137261,8
menem,Neuquén,2418,1.2785833354187108,0.6148686124572814,8
menem,Salta,3269,1.3201454075696513,0.6784205366370828,7
menem,Tucumán,4395,1.3528490184898883,0.6505828566822879,8
menem,Río Negro,2533,1.3804356758618495,0.6638492346106983,8
menem,Santa Cruz,897,1.4217754523990442,0.7306480482098713,7
menem,La Rioja,1230,1.4834451610863761,0.7623400092787165,7
menem,San Luis,1699,1.288226183535211,0.6195058421765215,8
menem,Tierra del Fuego,1060,1.2823039573060748,0.6166578533725892,8
crisis,CABA,25451,1.084125985967792,0.5571305471088199,7
crisis,Buenos Aires,16002,1.344344966251233,0.6908566497296271,7
crisis,Santa Fe,4857,1.2859793371385695,0.6184253374584969,8
crisis,Santiago del Estero,610,1.4633165559247734,0.7519959524519536,7
crisis,Mendoza,2880,1.0869649721635195,0.5227196583201066,8
crisis,Entre Ríos,916,1.4102805860224128,0.7247408554331586,7
crisis,Jujuy,508,1.4041725753616472,0.7216019588794144,7
crisis,San Juan,735,1.3923212312068731,0.7155115727634225,7
crisis,Catamarca,234,1.2666362359850427,0.6509222620581738,7
crisis,Córdoba,4093,1.335848951621107,0.6424075526268307,8
crisis,Corrientes,542,1.5498838308936471,0.7964827315619243,7
crisis,Chaco,676,1.3080416679898719,0.6290350758950387,8
crisis,La Pampa,431,1.5411239413833195,0.7919810388632248,7
crisis,Chubut,622,1.314459601651722,0.6754986104008228,7
crisis,Misiones,971,1.2499634158115966,0.6423541274084109,7
crisis,Formosa,361,0.9956494252531012,0.5556825245533975,6
crisis,Neuquén,661,1.3143306149806608,0.6754323243643766,7
crisis,Salta,1083,1.4232167720819398,0.7313887400057362,7
crisis,Tucumán,1826,1.322095165188285,0.6794225138453215,7
crisis,Río Negro,740,1.522039660377582,0.7821736584890577,7
crisis,Santa Cruz,398,1.437820580410638,0.7388936128981398,7
crisis,La Rioja,261,1.376453986837453,0.7073574221840018,7
crisis,San Luis,874,1.1256370073977815,0.5413169761379576,8
crisis,Tierra del Fuego,375,1.359694745456878,0.6987448758191497,7
n_kirchner,CABA,48911,1.0239067942229103,0.5261840042922791,7
n_kirchner,Buenos Aires,39274,1.2941982925190363,0.6223778195147259,8
n_kirchner,Santa Fe,10963,1.2328027624339346,0.5928528105858841,8
n_kirchner,Santiago del Estero,1595,1.3406587876349156,0.6889623286490227,7
n_kirchner,Mendoza,7814,0.9388565374292187,0.4514945568851058,8
n_kirchner,Entre Ríos,2370,1.422960029294609,0.7312568003129115,7
n_kirchner,Jujuy,1414,1.4076722598503841,0.6769472628277032,8
n_kirchner,San Juan,1784,1.3984495843418963,0.6725120934210954,8
n_kirchner,Catamarca,620,1.290917668415137,0.6634004499343624,7
n_kirchner,Córdoba,11454,1.2494221638520242,0.6008450532553578,8
n_kirchner,Corrientes,1664,1.4709024479241408,0.7558943297758245,7
n_kirchner,Chaco,1622,1.485597006776365,0.7144211448119167,8
n_kirchner,La Pampa,1019,1.4147824579737134,0.6803665453517916,8
n_kirchner,Chubut,1684,1.2366867230692051,0.6355312570159435,7
n_kirchner,Misiones,2328,1.3674698540809702,0.7027404912528155,7
n_kirchner,Formosa,850,1.2117669927426096,0.6227250489088048,7
n_kirchner,Neuquén,1845,1.1667173497070757,0.599574112028495,7
n_kirchner,Salta,2548,1.3782858031742804,0.6628153643890655,8
n_kirchner,Tucumán,3137,1.3692965296891195,0.6584924376296534,8
n_kirchner,Río Negro,1909,1.396698959351953,0.6716702207572796,8
n_kirchner,Santa Cruz,967,1.4735933123930471,0.8224280868614113,6
n_kirchner,La Rioja,674,1.3015463663329778,0.6259114960652125,8
n_kirchner,San Luis,1454,1.1898486818891063,0.6114612652936445,7
n_kirchner,Tierra del Fuego,902,1.2224014070393787,0.6822352151798738,6
c_kirchner,CABA,61425,0.9793172538331764,0.5032695133989658,7
c_kirchner,Buenos Aires,61569,1.405447815650875,0.6758775312892479,8
c_kirchner,Santa Fe,13973,1.2716756329270602,0.6115467097477346,8
c_kirchner,Santiago del Estero,2349,1.3715865839659194,0.6595937209458219,8
c_kirchner,Mendoza,9735,1.0926831397475651,0.5254695156589315,8
c_kirchner,Entre Ríos,3770,1.5248320144101881,0.7332891951261024,8
c_kirchner,Jujuy,1919,1.4095835408611181,0.7243826450802124,7
c_kirchner,San Juan,2318,1.2306204764093291,0.591803352844051,8
c_kirchner,Catamarca,1039,1.272145858269563,0.6117728403376443,8
c_kirchner,Córdoba,16630,1.2825098423494685,0.6167568631496215,8
c_kirchner,Corrientes,3144,1.4931717226498769,0.7180638131542028,8
c_kirchner,Chaco,3923,1.539683605972301,0.7404313009580918,8
c_kirchner,La Pampa,1426,1.3194599304626307,0.6780682710880525,7
c_kirchner,Chubut,2646,1.3599999477776894,0.6540217267560406,8
c_kirchner,Misiones,2722,1.4173585007051102,0.6816053600430263,8
c_kirchner,Formosa,1020,1.2768281572663402,0.6561598735101957,7
c_kirchner,Neuquén,2605,1.2613783618382173,0.6065947691028802,8
c_kirchner,Salta,3890,1.3999157974821725,0.7194144077833161,7
c_kirchner,Tucumán,4438,1.3679364200031585,0.6578383631299863,8
c_kirchner,Río Negro,2979,1.3774016190021874,0.6623901616822951,8
c_kirchner,Santa Cruz,1179,1.478321796312142,0.759707120613882,7
c_kirchner,La Rioja,1207,1.5359503519476965,0.7893223398281565,7
c_kirchner,San Luis,2774,1.3637597048828751,0.6558297877329068,8
c_kirchner,Tierra del Fuego,876,1.341688581424584,0.6452158209461986,8
macri,CABA,40263,1.3812172233338889,0.6642250794980752,8
macri,Buenos Aires,31845,1.610951165176219,0.7747037523713429,8
macri,Santa Fe,9409,1.6046036009845521,0.7716512192443289,8
macri,Santiago del Estero,1016,1.2343301103096715,0.5935873096545635,8
macri,Mendoza,5820,1.5550660113414883,0.7478286742724486,8
macri,Entre Ríos,1964,1.6980861382370036,0.8166068168789387,8
macri,Jujuy,929,1.7055138668621868,0.820178799296479,8
macri,San Juan,1476,1.5329390350825625,0.7371878479662419,8
macri,Catamarca,466,1.1710342368772018,0.5631484287513102,8
macri,Córdoba,12826,1.5291673041254163,0.7353740287837612,8
macri,Corrientes,1844,1.6760668294380652,0.8060177676762617,8
macri,Chaco,2193,1.7951434083116204,0.8632814976185622,8
macri,La Pampa,993,1.5572052513363568,0.748857431249738,8
macri,Chubut,1767,1.6656549849167057,0.8010107288571042,8
macri,Misiones,881,1.6643754262703825,0.8003953912192452,8
macri,Formosa,461,1.540513645118812,0.7408304654115635,8
macri,Neuquén,1702,1.5179254958544768,0.7299678617693915,8
macri,Salta,1975,1.6153132599660942,0.7768014765450898,8
macri,Tucumán,2185,1.5757447717414628,0.75777305596604,8
macri,Río Negro,2209,1.5982567724631793,0.7685990398999432,8
macri,Santa Cruz,605,1.730117475742198,0.8320106341362002,8
macri,La Rioja,380,1.4383902479339867,0.6917194925191364,8
macri,San Luis,1336,1.483782982230373,0.7135487834063987,8
macri,Tierra del Fuego,700,1.7045823064450571,0.8759820217149213,7
fernandez,CABA,37462,1.1905000721303622,0.5725095167468089,8
fernandez,Buenos Aires,32331,1.6741688106698358,0.8051050135881154,8
fernandez,Santa Fe,9964,1.7116979014986522,0.823152691330717,8
fernandez,Santiago del Estero,1981,1.471730829178961,0.7077529229266298,8
fernandez,Mendoza,8583,1.1574157237952838,0.5565993083221221,8
fernandez,Entre Ríos,2389,1.789594920266708,0.8606132388896199,8
fernandez,Jujuy,1077,1.5284007957462438,0.7350054161712839,8
fernandez,San Juan,1911,1.266489314457353,0.6090526177688288,8
fernandez,Catamarca,684,1.4351932513958425,0.6901820621686965,8
fernandez,Córdoba,18608,1.1875605469641237,0.5710959039535088,8
fernandez,Corrientes,2220,1.4936448649837162,0.7182913465204243,8
fernandez,Chaco,3801,1.5480496474090906,0.7444545164556678,8
fernandez,La Pampa,1028,1.6900662773155106,0.8127500790189197,8
fernandez,Chubut,2026,1.70933562284707,0.8220166754321052,8
fernandez,Misiones,1467,1.7346166683765163,0.8341742884367119,8
fernandez,Formosa,677,1.4176053001650302,0.6817240454953332,8
fernandez,Neuquén,1994,1.4359432949306044,0.6905427568647138,8
fernandez,Salta,3611,1.5866569032737226,0.7630206819817464,8
fernandez,Tucumán,3465,1.5224692850289572,0.7321529624723475,8
fernandez,Río Negro,2309,1.423034623691298,0.6843349982042427,8
fernandez,Santa Cruz,771,1.647612034536202,0.7923339038447847,8
fernandez,La Rioja,598,1.6825760222814345,0.8091480277547013,8
fernandez,San Luis,1503,1.435450044158697,0.6903055533838653,8
fernandez,Tierra del Fuego,1103,1.4313163405168492,0.7355510947983465,7
milei,CABA,21827,1.1868461348845891,0.5707523443654102,8
milei,Buenos Aires,14068,1.4385991729970167,0.6918199642365866,8
milei,Santa Fe,3773,1.5723279057247483,0.756129890746808,8
milei,Santiago del Estero,702,1.4372075591070554,0.6911507394172937,8
milei,Mendoza,4215,0.6843891918818327,0.32912163105530845,8
milei,Entre Ríos,842,1.622328905410089,0.7801752888419852,8
milei,Jujuy,429,1.341736678586806,0.6452389507920047,8
milei,San Juan,816,0.6907508561746657,0.3549757199786468,7
milei,Catamarca,283,1.1785988641288394,0.6056800025946816,7
milei,Córdoba,9308,0.9310022149110241,0.4477174261695918,8
milei,Corrientes,480,1.444438226265753,0.6946279553013508,8
milei,Chaco,703,1.2410508248738772,0.6377739616992972,7
milei,La Pampa,448,1.4814899860240303,0.7613352480551343,7
milei,Chubut,838,1.4117356172671667,0.6789013246925537,8
milei,Misiones,445,1.433771282402407,0.7368126853639486,7
milei,Formosa,246,1.537988069749141,0.7903695196285361,7
milei,Neuquén,1104,1.0954505530639609,0.5268003601481496,8
milei,Salta,1462,1.2240904645375097,0.5886630809292444,8
milei,Tucumán,1672,1.0593541496972319,0.5094416594377804,8
milei,Río Negro,1066,1.0253131335096173,0.4930713910242162,8
milei,Santa Cruz,374,1.4658697626336639,0.7533080411473798,7
milei,La Rioja,194,1.326601255887225,0.6817381863860745,7
milei,San Luis,804,1.0869618525490456,0.522718158102663,8
milei,Tierra del Fuego,501,0.9426829731246082,0.4533346834857788,8
