,0,1,2,3,4,5,6,7,8,9
tipo__tipo:Asoc,0.13251827886971065,0.26331461304645587,0.0053633541475732694,0.0018598100914719055,0.003738385118072134,0.0006899459083215167,0.010810724815205983,0.0003984455932688951,0.0022825890567634375,0.00015358377287073786
tipo__tipo:Coop,0.003684023931168583,0.0024664367465150835,0.18418922449382516,0.22923463262667268,0.008018078136759579,0.013960417766652768,0.0007599173252998469,0.014398632701377754,0.00017167322277899708,0.0031838719403556653
tipo__tipo:Fund,0.0006907881537675391,0.0008186033703248468,0.0006343726981855647,0.001337558504412498,0.13641326929783334,0.1601044873928023,0.11144470734265101,0.009655623076201002,0.009516734588136231,0.020359664639581405
tipo__tipo:Mutual,0.0011724649628377657,0.00032644360644089375,0.0001329987184733335,0.0011919856676772486,0.0006160244211739451,0.005627616558049515,0.0012794430259098742,0.09868377256415817,0.23438482110030429,0.07630437997160817
tipo__tipo:Otra,0.00645079552066659,0.00572242055880614,0.24829182387061202,0.21528693564812382,9.17149732959986e-05,0.006210065198731357,0.004241930785991948,7.486599894556096e-05,0.0065221234700566875,0.00010428128514271085
tipo__tipo:SA,0.014342178798720566,0.05593077623423988,0.0008289548063871887,0.017444618220906132,0.13952432110586732,0.0036506082694045747,0.07087930388723462,0.01851441730765812,0.005506579198054485,0.003512945970912946
tipo__tipo:SAS,0.2836732977227413,0.07620860299152904,0.001894729773667308,0.039093321057016815,0.01927673858893678,0.026823851565613933,0.01050246583363907,0.0006589867611337555,6.880132004227792e-05,0.0007973231857846749
tipo__tipo:SRL,0.0007092976425903507,0.04020495340078446,0.0008789309813735292,0.011646830931397642,0.10043394066276054,0.05438812310220472,0.05090325729718545,0.013672675375094298,0.0020620706746137295,0.0013908651490667872
subtipo__subtipo:agro,4.2653343489051955e-06,0.003235323662403706,0.005257784445173073,0.01827370161943247,0.1749932877248009,0.013748802360870971,3.368783586304107e-05,0.02114970793211447,0.047310948047920305,0.012544554898952147
subtipo__subtipo:commerce,0.0008879464813028622,0.0001585456725577979,0.0024901512224368475,0.014834628673800681,0.03662691194255615,0.014200185885948407,4.789549156511779e-05,0.03149369006391823,0.07044590955317648,0.06295163245232939
subtipo__subtipo:construction,0.0007083896867688362,0.00648496260137224,0.03872350065018191,0.052251635918876424,0.01705097589778685,0.0006135998448357433,0.061009532978399346,0.14509610355418698,0.0011166864033319783,0.0040761179992365604
subtipo__subtipo:education,0.06731507325475351,0.10433239735488205,0.00043048422349068973,0.0043852926332812805,0.022441060841871485,0.047329235642114484,5.415962542009589e-06,0.17509627048644355,0.011909608800331305,0.036376978655046466
subtipo__subtipo:health,0.0008525985234546006,0.0019408411219007798,0.08452789309649004,0.09061872505330516,0.008371304073458688,0.011217244305726832,0.07497372006724899,0.08804982390388627,0.017325510451640127,0.10441378568409122
subtipo__subtipo:indigenous,0.0031731222595348407,0.004155500651925033,0.0011630545916899283,0.0017699289422006027,0.007070231581615788,0.004332444753600906,0.021112817606733152,0.014182822695695067,0.29236467964258217,0.34637143495895595
subtipo__subtipo:other,0.005673213900526053,0.0074707646968103425,1.0469331973133293e-06,0.012295824416536537,0.0052975467560536955,0.0006356283072094885,0.0086221777260073,0.027429200475961382,8.976689947615413e-05,0.0023007692497545463
subtipo__subtipo:religious,0.007993562158255089,0.024271555471120212,0.001067642100528225,0.012001321650697965,0.008902053838601636,0.011145338963207907,0.08715950208848601,0.05106691564830872,0.06468303115070928,0.002877544652473057
subtipo__subtipo:sports,0.06065080132886595,0.15235433503832335,0.0037469184116945085,0.00011802545428793233,0.012683857515055748,0.002739482060079469,0.07926545331061896,0.06042741033153514,0.08086682691903237,1.0275562833816726e-05
subtipo__subtipo:tourism,2.2294655596416314e-05,2.3752296196231884e-05,1.5753385958494866e-08,0.000606982532847902,0.00011820094366715387,0.0064930167060613785,0.019131707924050514,0.003248735720040992,0.0012907179867086519,0.0006772249447265233
subtipo__subtipo:transport,0.0007472165377403254,0.00035298927320490814,0.008574395780573216,0.03795001364491428,0.012238922443489779,0.04563795665888144,0.12990959810705177,0.0007046841479311561,0.0011952815746620743,0.0013913327409435254
era__era:c_kirchner,0.005450759675787685,0.024342610149043178,0.08997995043765672,0.06508978503134949,0.044003109895742444,0.022944073395302574,0.0003622128528453328,0.04980596524748414,3.9625470459572166e-05,0.007226002861413681
era__era:crisis,0.01073066612150423,0.0015982103869262372,0.0008128764683984859,0.008138234175832067,0.00032247990335918794,0.009862895857020233,0.00010443390957335145,0.01513948633517553,0.0522145994319055,0.15205854946637012
era__era:fernandez,0.1026495120670982,0.03770418899947987,0.04210434807907052,0.005038044005672753,0.0017534976460687806,0.12863311186793158,0.006567472425765098,6.502748545470637e-05,0.038115878075783566,0.05281983909382284
era__era:macri,0.0599545470844986,0.012938774264219462,0.13516803611611888,0.016878103808745812,0.01130605081790595,0.018822367899051777,0.07451708466482003,0.014780940914058825,0.008308261805858226,0.04495996934971888
era__era:menem,0.02427610065144194,0.020690098537059144,0.004210722880995455,0.05516567547065359,0.05919533602276719,5.1921488664328896e-06,0.013318121033111465,0.12231472248891892,0.017790301454278148,0.009975286376555575
era__era:milei,0.11228541148360012,0.041664635492969754,0.0041224773461207235,0.062048778884931724,0.00582984046793205,0.21733161451441704,0.016018604930730686,0.020453169033184004,0.01611769107537412,0.0037182156129426406
era__era:n_kirchner,0.009502188981181185,0.026212796362607742,0.005501730530107405,0.003517576155908952,0.006601015467530425,0.0024434391390161713,0.0390779345933949,0.002967926731911559,0.011080231037888199,0.045526673955336744
era__era:pre1990,0.06657374978010827,0.010996466900117529,0.0382463557785896,0.00597959405142898,0.15338943634903326,0.007307381477054685,0.01947541402714706,0.0002375129539082074,0.002424059446048355,0.0025993319200914985
estado__estado:AC,0.0004449359211622148,0.0019043899128829021,0.0023562764447906262,0.0004098443296314203,9.492353530060737e-05,0.004192984135812177,0.0022742490554639033,5.976141345150688e-06,0.0001232685172829165,3.3871612848472363e-05
estado__estado:BD,0.01686251851026731,0.07217401119889996,0.08929994921921237,0.015532590797986953,0.0035974840307014646,0.15890888831520822,0.0861912130954628,0.00022648833070019884,0.004671723624801624,0.0012836920362331358
