provincia,n_orgs_milei,shannon_H_milei,evenness_milei,theil_between_contrib,within_T,shannon_H_total,dominant_tipo,dominant_pct,provincial_diff,sas_share_milei,coop_share_milei,pda_total,pct_with_account,pct_borrowers,hhi_empleo,n_sectors,puestos_total,sown_ha,prod_tm,n_cultivos,agro_hhi,pob_empleo,tasa_empleo,tasa_desocupacion,pda_per_100k,prov_type
Entre Ríos,842,1.622328905410089,0.7801752888419852,0.0019163828876794,0.3920648862444143,1.6873766554354217,SRL,36.29245582478045,-9.689564508470935,26.247030878859857,4.275534441805226,3146,99.25,47.11016,0.06512884330229343,82,157045,3879690.0,12316532.0,15.0,0.19978710376748873,1122157,0.5621860399213301,0.0786786128940393,280.35292744241667,intermediate
Santa Fe,3773,1.5723279057247483,0.756129890746808,0.0050229344563058,0.5914592452021703,1.4879822964776657,SRL,48.46577227382181,-942.8082073277972,22.157434402332363,2.305857407898224,9732,99.42,52.04205,0.04428839989287268,84,551984,9833177.0,33795666.0,19.0,0.2080280265939659,2824215,0.5903505929966381,0.07983010315559767,344.5913289179471,metropolitan
Formosa,246,1.537988069749141,0.7903695196285361,0.0015911641667382,0.5005977613507,1.578843780329136,SRL,35.642270351008214,-10.475660972734886,38.21138211382114,19.91869918699187,978,100.0,46.85159,0.07163682127991569,75,34135,113528.0,210416.0,11.0,0.19511011579015367,462885,0.5217321796990613,0.06686810299527063,211.2835801548981,peripheral
La Pampa,448,1.4814899860240305,0.7613352480551343,0.0013183205598356,0.3931286480123003,1.6863128936675358,SRL,32.19802943680817,-58.42001702438257,41.517857142857146,1.3392857142857142,1236,100.0,58.06576,0.06465671505565387,78,42879,2612780.0,6380506.0,14.0,0.1509534100301921,287006,0.6149801746304955,0.0601694328631598,430.65301770694686,intermediate
Santa Cruz,374,1.465869762633664,0.7533080411473798,0.0007463348330631,0.3108058540410782,1.7686356876387574,SRL,30.0942587832048,-6.69693505433736,47.32620320855615,17.647058823529413,942,100.0,64.61186,0.05994306025536645,80,52219,,,,,259629,0.6129400028502209,0.07852436044424371,362.825416267058,intermediate
Corrientes,480,1.444438226265753,0.6946279553013508,0.0011452585100216,0.3776372504113385,1.7018042912684974,SRL,38.115871130058,-76.71164919642135,41.04166666666666,0.4166666666666667,2314,96.96,44.37445,0.06296067411680097,82,96815,149510.0,883858.0,9.0,0.5577943262015067,937638,0.5084691533406283,0.09230930327751811,246.7903391287469,peripheral
Buenos Aires,14068,1.438599172997017,0.6918199642365866,0.0096203098804131,0.5473767637945305,1.5320647778853056,SRL,35.96083056602619,266.4009112833097,5.139323286892237,2.459482513505829,33588,99.3,50.13297,0.03740152164640068,84,2771332,20880235.0,66646167.0,21.0,0.15346155864948524,13857399,0.586002106167254,0.09194482650653606,242.3831485259247,metropolitan
Santiago del Estero,702,1.4372075591070554,0.6911507394172937,0.0035316967371136,0.5318973088865971,1.547544232793239,SRL,36.11578295122599,13.471470956696692,35.18518518518518,23.219373219373217,1760,98.86,44.95276,0.06983716229909609,80,72186,4574286.0,9108950.0,19.0,0.1851586900960247,806632,0.5116781878229477,0.08129199990206051,218.19119499350384,peripheral
Misiones,445,1.433771282402407,0.7368126853639486,0.0021893676664886,0.5327650517980479,1.5466764898817882,SRL,45.459004905395936,-52.04982114294948,43.82022471910113,4.044943820224719,2556,100.0,48.82174,0.053584894850469876,82,118922,40158.0,163588.0,3.0,0.6388642867546045,954517,0.5707483470697745,0.059226090770628195,267.7794109481549,peripheral
Chubut,838,1.411735617267167,0.6789013246925537,0.0010390632574733,0.4433432058891682,1.6360983357906675,SRL,42.47008354030256,-127.7802253213295,45.4653937947494,4.176610978520286,1358,100.0,59.51096,0.05401474169390263,81,97923,,,,,466627,0.607534497575151,0.07680484047974938,291.0247371026537,intermediate
Jujuy,429,1.341736678586806,0.6452389507920047,0.0035902767876594,0.4051838070365515,1.6742577346432843,SRL,30.08800267349894,-12.20288815111855,42.19114219114219,11.188811188811188,1496,95.26,42.52411,0.06158744837745221,81,69095,84739.0,136115.0,14.0,0.1922668497875431,633222,0.5785664427325645,0.07923817949227045,236.25205694053588,peripheral
La Rioja,194,1.326601255887225,0.6817381863860745,0.0011523253727051,0.4653340126909402,1.6141075289888958,SRL,34.372680029695616,-28.750565196581807,34.02061855670103,3.0927835051546397,838,99.6,55.70159,0.055788819602590654,77,32410,,,,,303899,0.6013741407507099,0.07064836003051106,275.74950888288544,peripheral
Chaco,703,1.2410508248738772,0.6377739616992972,0.0062438473200842,0.2866539064331562,1.7927876352466794,SRL,27.32687597417056,-55.44422252384125,56.04551920341394,0.4267425320056899,2386,100.0,52.52378,0.06490109465388434,82,87643,2068806.0,1780229.0,14.0,0.19999979790195455,869419,0.5571019266889727,0.0655993240206112,274.43614643802357,peripheral
Salta,1462,1.2240904645375097,0.5886630809292444,0.0032160073182796,0.3972370207806228,1.6822045208992131,SRL,40.56537457320747,81.90228271658333,59.4391244870041,2.7359781121751023,2624,96.97,46.17146,0.05284411378765452,83,142090,2067382.0,4434023.0,23.0,0.13543821492964772,1096035,0.5645941963532186,0.07904841278109327,239.4084130525029,intermediate
CABA,21827,1.1868461348845891,0.5707523443654102,0.036154066944353,0.9034764748302868,1.1759650668495492,SA,45.59318824309153,812.2418531922981,17.276767306546937,0.3848444586979428,12122,100.0,74.35046,0.040479646191296396,84,828193,,,,,2668924,0.6290111670470946,0.07470657131440067,454.1905277182865,metropolitan
Catamarca,283,1.1785988641288394,0.6056800025946816,0.0006804004373325,0.550516441421077,1.5289251002587587,SRL,44.49942900647126,-9.61257624168163,53.35689045936396,4.593639575971731,894,100.0,57.01672,0.05915651190326468,78,38034,129550.0,277750.0,15.0,0.18651030993637835,339080,0.5823168573787897,0.07647262420370249,263.6545947858912,peripheral
Neuquén,1104,1.0954505530639609,0.5268003601481496,0.0011549835366723,0.5198251203816581,1.5596164212981782,SRL,45.717983749191056,64.43222878071106,60.5072463768116,1.2681159420289856,1696,99.64,61.27203,0.059647179188014904,84,106785,,,,,560376,0.6159649949319742,0.07021872643034156,302.65393235970134,intermediate
San Luis,804,1.0869618525490456,0.522718158102663,0.0009211960138313,0.4846533575675217,1.5947881841123142,SRL,37.27910917453401,-279.65395344588893,66.66666666666666,1.2437810945273633,1682,95.76,53.69256,0.045310558717626924,78,59429,1233060.0,3428322.0,16.0,0.22594915502881688,429112,0.5790749268256306,0.09818794162798547,391.9722589906598,intermediate
Tucumán,1672,1.059354149697232,0.5094416594377804,0.0051172711562231,0.3717320634060728,1.7077094782737632,SRL,39.68886123210952,-16.182549174220007,69.97607655502392,5.023923444976076,2810,95.22,49.67222,0.07555634217523285,82,188371,600380.0,1392600.0,17.0,0.1773275889259609,1353069,0.5408645087574987,0.09788865906182896,207.67603130365117,intermediate
Río Negro,1066,1.0253131335096173,0.4930713910242162,0.0019197381369232,0.3611180493951366,1.7183234922846993,SRL,36.26913979833188,-176.0306216532629,71.95121951219512,1.3133208255159476,1892,100.0,59.07429,0.053520021512320985,82,123306,,,,,594726,0.6011070644296701,0.07779420148535668,318.1296933377723,intermediate
Tierra del Fuego,501,0.9426829731246082,0.4533346834857788,0.000590901637541,0.4218653355361839,1.657576206143652,SRL,37.03885882931628,-28.47393764879709,76.44710578842316,3.393213572854292,506,98.29,64.8682,0.07415544349996253,79,34484,,,,,145489,0.6248926035645307,0.10950585239237964,347.7926166239372,intermediate
Córdoba,9308,0.931002214911024,0.4477174261695918,0.0141950869453964,0.4429650002699367,1.6364765414098992,SRL,30.695238879058472,-39.62865930830816,76.32144391920929,0.8594757198109154,10554,99.79,54.49233,0.04640708468213981,84,542448,14327972.0,52624981.0,23.0,0.21610119469733335,3062143,0.5974678517626382,0.0807928506579539,344.66058574011726,metropolitan
San Juan,816,0.6907508561746657,0.3549757199786468,0.0012736501492288,0.4850082215241714,1.5944333201556646,SRL,41.734087491945296,-124.20829165638196,79.5343137254902,1.4705882352941175,1636,96.94,48.84944,0.04499527263417183,80,87743,,,,,630979,0.538483848115389,0.09612269057341616,259.2796273727018,intermediate
Mendoza,4215,0.6843891918818327,0.3291216310553084,0.0075209793246316,0.5302562069337323,1.5491853347461038,SA,41.51428252206622,142.70493195223983,83.58244365361803,0.166073546856465,4774,97.6,50.4338,0.04752442502008727,85,268959,,,,,1594198,0.5706580989312494,0.0953790591461735,299.46092016173645,intermediate
