"tipo","clae_sec","peso","dim1","dim2","dim3","dim4","dim5"
"Asoc","A",422,-1.03005036872191,-0.547340754409513,-0.241928285263585,0.61844562628481,0.628874415921726
"Asoc","B",3,-1.00498776572035,-0.540769905559488,-0.259716337649974,0.479846394515751,1.04920064851274
"Asoc","C",282,-1.02730961770907,-0.201790055109469,-0.113784295899588,-0.637283601381375,0.474298198906657
"Asoc","D",7,-1.13668541323003,1.196645706605,-1.89719984705353,0.37041313394504,0.54666590584361
"Asoc","E",80,-1.0780610683688,0.410129851060383,-0.490833521150287,-0.947856552593926,0.212222716733189
"Asoc","F",223,-1.12146507817801,1.40692087608498,-0.406174147209711,0.0293450683736407,0.68877452165214
"Asoc","G",613,-1.01540957994437,-0.320505202953979,0.686692563035064,0.260221755717403,0.793955610912036
"Asoc","H",406,-1.01816248636371,-0.380740771115023,0.203964281915688,-0.908227102834464,0.301234739135429
"Asoc","I",126,-1.01138919342805,-0.223265581413035,0.823787019071365,-0.100351044746534,0.840760796141787
"Asoc","J",315,-1.02487950997411,-0.227279025807622,0.234013272008953,-0.857116924400951,0.447583394553476
"Asoc","K",304,-1.06289702548041,-0.537539536754207,-1.15218779519711,0.154937994380582,0.649293870040193
"Asoc","L",198,-0.998873562254964,-1.14223615709101,-1.27010584352229,0.340338107864073,0.758846843505449
"Asoc","M",1077,-1.04510958511624,-0.529103777333466,-0.192069915482122,-0.12584685906291,0.422712271751759
"Asoc","N",465,-1.04947651806301,-0.0980813988753866,0.317783902115309,0.451952883453875,1.00707678847292
"Asoc","O",701,-2.29889444399667,-0.66603482367876,0.392374899117599,0.530656850220695,-0.615433662542095
"Asoc","P",4019,-1.67475538230666,-0.481459610586082,0.395939738198238,0.0187379626004123,-1.91024000243419
"Asoc","Q",1987,-1.26632669141347,-0.383220995889151,0.729036202843891,0.548837956555692,-0.7448318681976
"Asoc","R",43949,-2.14288361485758,-0.527934331267101,0.150587002161503,-0.653328334227982,1.59761794960227
"Asoc","S",72925,-2.51072605804001,-0.157651580105806,-0.0118827834681162,0.0593911053354372,0.21421095626024
"Asoc","T",101,-2.25333939642982,-0.552649159091191,0.058240450678823,0.777683139919796,-2.29517687060678
"Asoc","Z",1060,-1.09067924978493,-0.70366128669134,-0.467748562880464,-0.743270946045999,0.226402107963688
"Coop","A",2234,-0.044463630912294,1.82089303289472,-1.1552809866861,1.06888348354958,0.0305934907289623
"Coop","B",65,-0.0194010279108158,1.82746388174473,-1.17306903907249,0.930284251780576,0.450919723320013
"Coop","C",4911,-0.0417228798994799,2.16644373219476,-1.02713699732209,-0.186845744116597,-0.123982726286102
"Coop","D",602,-0.151098675420426,3.56487949390922,-2.81055254847604,0.820850991209821,-0.0516150193491498
"Coop","E",1275,-0.0924743305591925,2.77836363836461,-1.4041862225728,-0.497418695329157,-0.386058208459573
"Coop","F",14029,-0.135878340368427,3.77515466338921,-1.31952684863222,0.479782925638416,0.0904935964593789
"Coop","G",2266,-0.0298228421347814,2.04772858435025,-0.226660138387442,0.710659612982182,0.195674685719277
"Coop","H",1770,-0.0325757485541187,1.9874930161892,-0.709388419506817,-0.457789245569686,-0.297046186057327
"Coop","I",392,-0.0258024556184624,2.14496820589119,-0.0895656823511394,0.350086812518243,0.242479870949029
"Coop","J",1616,-0.039292772164523,2.1409547614966,-0.679339429413554,-0.406679067136172,-0.150697530639282
"Coop","K",892,-0.0773102876708248,1.83069425055002,-2.06554049661961,0.60537585164536,0.0510129448474349
"Coop","L",69,-0.0132868244453731,1.22599763021322,-2.1834585449448,0.790775965128853,0.160565918312688
"Coop","M",1710,-0.0595228473066543,1.83913000997076,-1.10542261690463,0.324590998201868,-0.175568653440999
"Coop","N",1375,-0.0638897802534179,2.27015238842884,-0.595568799307197,0.902390740718653,0.408795863280157
"Coop","O",65,-1.31330770618709,1.70219896362547,-0.520977802304908,0.981094707485474,-1.21371458773485
"Coop","P",530,-0.689168644497071,1.88677417671814,-0.51741296322427,0.469175819865191,-2.50852092762695
"Coop","Q",414,-0.280739953603885,1.98501279141508,-0.184316498578616,0.999275813820469,-1.34311279339036
"Coop","R",4060,-1.15729687704799,1.84029945603713,-0.762765699261005,-0.202890476963204,0.999337024409514
"Coop","S",11438,-1.52513932023042,2.21058220719842,-0.925235484890623,0.509828962600215,-0.384069968932519
"Coop","T",14,-1.26775265862024,1.81558462821304,-0.855112250743683,1.22812099718458,-2.89345779579954
"Coop","Z",505,-0.105092511975339,1.66457250061289,-1.38110126430297,-0.292833088781221,-0.371878817229072
"Fund","A",42,-0.92558731593287,-0.502253635353479,-0.0275578126008148,1.49728772239205,-3.01894854580412
"Fund","B",1,-0.90052471293139,-0.495682786503466,-0.0453458649872078,1.35868849062304,-2.59862231321307
"Fund","C",26,-0.922846564920054,-0.156702936053435,0.10058617676319,0.241558494725869,-3.17352476281918
"Fund","D",1,-1.032222360441,1.24173282566103,-1.68282937439075,1.24925523005228,-3.10115705588223
"Fund","E",10,-0.973598015579772,0.455216970116413,-0.27646304848752,-0.0690144564866907,-3.43560024499266
"Fund","F",6,-1.017002025389,1.45200799514102,-0.191803674546938,0.908187164480881,-2.9590484400737
"Fund","G",52,-0.910946527155358,-0.275418083897946,0.901063035697841,1.13906385182465,-2.85386735081381
"Fund","H",4,-0.913699433574694,-0.33565365205899,0.418334754578466,-0.0293850067272204,-3.34658822259041
"Fund","I",5,-0.906926140639037,-0.178178462357003,1.03815749173414,0.778491051360709,-2.80706216558405
"Fund","J",37,-0.920416457185097,-0.182191906751589,0.448383744671729,0.0217251717062924,-3.20023956717236
"Fund","K",8,-0.9584339726914,-0.492452417698175,-0.93781732253433,1.03378009048783,-2.99852909168565
"Fund","L",8,-0.894410509465948,-1.09714903803497,-1.05573537085951,1.21918020397132,-2.88897611822039
"Fund","M",637,-0.94064653232723,-0.484016658277433,0.0223005571806541,0.752995237044333,-3.22511068997408
"Fund","N",201,-0.945013465273993,-0.0529942798193514,0.532154374778086,1.33079497956112,-2.64074617325292
"Fund","O",167,-2.19443139120766,-0.620947704622727,0.606745371780374,1.40949894632794,-4.26325662426794
"Fund","P",1899,-1.57029232951765,-0.43637249153005,0.610310210861013,0.897580058707656,-5.55806296416003
"Fund","Q",1477,-1.16186363862446,-0.338133876833118,0.943406675506667,1.42768005266293,-4.39265482992344
"Fund","R",4650,-2.03842056206857,-0.482847212211068,0.364957474824278,0.225513761879262,-2.05020501212357
"Fund","S",12260,-2.40626300525099,-0.112564461049774,0.20248768919466,0.938233201442681,-3.4336120054656
"Fund","T",33,-2.14887634364081,-0.507562040035155,0.272610923341599,1.65652523602704,-5.94299983233262
"Fund","Z",115,-0.986216196995913,-0.658574167635308,-0.253378090217688,0.135571150061244,-3.42142085376215
"Mutual","A",14,-1.06968694493342,-0.202873221528082,-0.480630970904129,1.74348488806053,-1.78474396116536
"Mutual","C",6,-1.0669461939206,0.142677477771961,-0.352486981540124,0.487755660394353,-1.93932017818042
"Mutual","D",1,-1.17632198944155,1.54111323948642,-2.13590253269407,1.49545239572077,-1.86695247124347
"Mutual","F",30,-1.16110165438955,1.75138840896641,-0.644876832850253,1.15438433014937,-1.72484385543494
"Mutual","G",38,-1.0550461561559,0.02396232992745,0.447989877394527,1.38526101749313,-1.61966276617505
"Mutual","H",7,-1.05779906257524,-0.0362732382335934,-0.0347384037248482,0.216812158941264,-2.11238363795165
"Mutual","I",3,-1.05102576963959,0.121201951468394,0.58508433343083,1.02468821702919,-1.57285758094529
"Mutual","J",10,-1.06451608618565,0.117188507073808,-0.00468941363158545,0.267922337374778,-1.96603498253361
"Mutual","K",111,-1.10253360169195,-0.193072003872779,-1.39089048083765,1.27997725615631,-1.76432450704689
"Mutual","L",4,-1.0385101384665,-0.797768624209579,-1.50880852916283,1.4653773696398,-1.65477153358163
"Mutual","M",36,-1.08474616132778,-0.184636244452037,-0.43077260112266,0.999192402712818,-1.99090610533532
"Mutual","N",15,-1.08911309427454,0.246386134006045,0.0790812164747712,1.5769921452296,-1.40654158861417
"Mutual","O",8,-2.33853102020821,-0.32156729079733,0.15367221347706,1.65569611199642,-3.02905203962918
"Mutual","P",77,-1.71439195851819,-0.136992077704653,0.157237052557699,1.14377722437614,-4.32385837952127
"Mutual","Q",126,-1.30596326762501,-0.0387534630077215,0.490333517203353,1.67387721833142,-3.15845024528468
"Mutual","R",655,-2.18252019106912,-0.183466798385672,-0.0881156834790357,0.471710927547746,-0.816000427484808
"Mutual","S",3124,-2.55036263425154,0.186815952775623,-0.250585469108654,1.18443036711116,-2.19940742082684
"Mutual","T",5,-2.29297597264136,-0.208181626209759,-0.180462234961715,1.90272240169553,-4.70879524769387
"Mutual","Z",2,-1.13031582599646,-0.359193753809911,-0.706451248521002,0.381768315729729,-2.18721626912339
"Otra","A",7721,0.437187512061804,-0.805747629397499,0.0619353437154998,1.80771462645718,-0.103973009007666
"Otra","B",160,0.462250115063284,-0.799176780547487,0.0441472913291067,1.66911539468818,0.316353223583385
"Otra","C",4232,0.43992826307462,-0.460196930097456,0.190079333079504,0.551985398791006,-0.258549226022731
"Otra","D",62,0.33055246755367,0.938238831617006,-1.59333621807444,1.55968213411742,-0.186181519085776
"Otra","E",311,0.389176812414902,0.151722976072393,-0.186969892171206,0.241412447578446,-0.520624708196205
"Otra","F",1323,0.345772802605672,1.14851400109699,-0.102310518230624,1.21861406854602,-0.0440729032772498
"Otra","G",14999,0.451828300839317,-0.578912077941967,0.990556192014155,1.44949075588978,0.0611081859826483
"Otra","H",5751,0.44907539441998,-0.639147646103011,0.50782791089478,0.281041897337916,-0.431612685793956
"Otra","I",2366,0.455848687355636,-0.481672456401023,1.12765064805046,1.08891795542585,0.1079133712124
"Otra","J",2092,0.442358370809576,-0.48568590079561,0.537876900988043,0.33215207577143,-0.285264030375911
"Otra","K",685,0.404340855303274,-0.795946411742196,-0.848324166218016,1.34420699455296,-0.0835535548891942
"Otra","L",2623,0.468364318528726,-1.400643032079,-0.966242214543199,1.52960710803645,0.0259994185760591
"Otra","M",4830,0.422128295667444,-0.787510652321454,0.111793713496969,1.06342214110947,-0.310135153177628
"Otra","N",1349,0.417761362720681,-0.356488273863373,0.6216475310944,1.64122188362626,0.274229363543528
"Otra","O",83,-0.831656563212987,-0.924441698666748,0.696238528096689,1.71992585039308,-1.34828108747148
"Otra","P",716,-0.207517501522973,-0.739866485574071,0.699803367177328,1.20800696277279,-2.64308742736358
"Otra","Q",1905,0.200911189370213,-0.641627870877139,1.03289983182298,1.73810695672807,-1.47767929312699
"Otra","R",1226,-0.675645734073895,-0.786341206255089,0.454450631140593,0.535940665944399,0.864770524672885
"Otra","S",1650,-1.04348817725632,-0.416058455093794,0.291980845510974,1.24866010550782,-0.518636468669147
"Otra","T",13,-0.786101515646137,-0.811056034079176,0.362104079657914,1.96695214009218,-3.02802429553617
"Otra","Z",1858,0.37655863099876,-0.962068161679328,-0.163884933901373,0.445998054126381,-0.5064453169657
"SA","A",30892,0.469626897367333,-0.59558550866634,-0.889881236428308,0.836251511032627,0.0935166630447535
"SA","B",2075,0.494689500368814,-0.589014659816327,-0.907669288814701,0.697652279263622,0.513842895635804
"SA","C",52039,0.472367648380149,-0.250034809366297,-0.761737247064304,-0.419477716633551,-0.0610595539703105
"SA","D",1473,0.362991852859199,1.14840095234816,-2.54515279821825,0.588219018692864,0.0113081529666437
"SA","E",4755,0.421616197720431,0.361885096803552,-1.13878647231501,-0.73005066784611,-0.323135036143784
"SA","F",22020,0.378212187911201,1.35867612182816,-1.05412709837443,0.247150953121461,0.15341676877517
"SA","G",53344,0.484267686144846,-0.368749957210807,0.0387396118703475,0.478027640465227,0.258597858035068
"SA","H",40563,0.48151477972551,-0.428985525371851,-0.443988669249027,-0.690421218086641,-0.234123013741536
"SA","I",12672,0.488288072661166,-0.271510335669863,0.17583406790665,0.117454840001289,0.30540304326482
"SA","J",24320,0.474797756115106,-0.27552378006445,-0.413939679155764,-0.639311039653128,-0.0877743583234908
"SA","K",11491,0.436780240608803,-0.585784291011036,-1.80014074636182,0.372743879128406,0.113936117163226
"SA","L",34750,0.500803703834255,-1.19048091134784,-1.91805879468701,0.558143992611898,0.223489090628479
"SA","M",39402,0.454567680972974,-0.577348531590294,-0.840022866646839,0.0919590256849136,-0.112645481125208
"SA","N",13907,0.450200748026211,-0.146326153132212,-0.330169049049408,0.669758768201699,0.471719035595948
"SA","O",82,-0.799217177907457,-0.714279577935587,-0.255578052047119,0.74846273496852,-1.15079141541906
"SA","P",3357,-0.175078116217443,-0.529704364842911,-0.252013212966479,0.236543847348237,-2.44559775531116
"SA","Q",6062,0.233350574675743,-0.431465750145979,0.0810832516791736,0.766643841303515,-1.28018962107457
"SA","R",10338,-0.643206348768366,-0.576179085523929,-0.497365949003215,-0.435522449480158,1.0622601967253
"SA","S",4028,-1.01104879195079,-0.205896334362635,-0.659835734632833,0.277196990083261,-0.321146796616727
"SA","T",25,-0.753662130340607,-0.600893913348016,-0.589712500485894,0.995489024667621,-2.83053462348375
"SA","Z",12722,0.408998016304289,-0.751906040948168,-1.11570151404518,-0.525465061298175,-0.30895564491328
"SAS","A",5763,0.474598268411106,-0.0445406977020913,0.449783518397243,2.01392356284104,0.640889953460601
"SAS","B",552,0.499660871412586,-0.0379698488520778,0.43199546601085,1.87532433107203,1.06121618605165
"SAS","C",7607,0.477339019423922,0.301010001597952,0.577927507761248,0.758194335174862,0.486313736445537
"SAS","D",85,0.367963223902972,1.69944576331241,-1.2054880433927,1.76589107050128,0.558681443382491
"SAS","E",211,0.426587568764203,0.912929907767801,0.200878282510538,0.447621383962303,0.224238254272063
"SAS","F",7208,0.383183558954974,1.9097209327924,0.285537656451119,1.42482300492987,0.700790059191017
"SAS","G",24160,0.489239057188619,0.182294853753441,1.3784043666959,1.65569969227364,0.805971148450916
"SAS","H",4977,0.486486150769282,0.122059285592398,0.895676085576523,0.487250833721773,0.313250276674311
"SAS","I",6461,0.493259443704938,0.279534475294385,1.5154988227322,1.2951268918097,0.852776333680667
"SAS","J",4501,0.479769127158878,0.275521030899799,0.925725075669787,0.538361012155286,0.459598932092357
"SAS","K",993,0.441751611652576,-0.0347394800467878,-0.460475991536273,1.55041593093682,0.661309407579074
"SAS","L",2663,0.505775074878028,-0.639436100383588,-0.578394039861456,1.73581604442031,0.770862381044327
"SAS","M",6344,0.459539052016746,-0.0263037206260456,0.499641888178711,1.26963107749333,0.434727809290639
"SAS","N",6321,0.455172119069984,0.404718657832036,1.00949570577614,1.84743082001011,1.0190923260118
"SAS","O",44,-0.794245806863684,-0.163234766971339,1.08408670277843,1.92613478677693,-0.603418125003216
"SAS","P",747,-0.170106745173671,0.0213404461213377,1.08765154185907,1.41421589915665,-1.89822446489531
"SAS","Q",3045,0.238321945719515,0.11957906081827,1.42074800650472,1.94431589311193,-0.732816330658719
"SAS","R",1453,-0.638234977724593,-0.0251342745596805,0.842298805822336,0.742149602328255,1.60963348714115
"SAS","S",1056,-1.00607742090702,0.345148476601614,0.679829020192717,1.45486904189167,0.22622649379912
"SAS","T",3,-0.748690759296834,-0.0498491023837679,0.749952254339657,2.17316107647603,-2.2831613330679
"SAS","Z",7,0.413969387348062,-0.20086122998392,0.22396324078037,0.652206990510238,0.238417645502567
"SRL","A",23207,0.44297161907417,-0.175106572744724,0.0899000275510416,0.350452644715697,-0.0224564332728448
"SRL","B",1417,0.46803422207565,-0.16853572389471,0.0721119751646486,0.211853412946692,0.397869799318206
"SRL","C",60991,0.445712370086986,0.17044412655532,0.218044016915046,-0.90527658295048,-0.177032650287909
"SRL","D",526,0.336336574566035,1.56887988826978,-1.5653715342389,0.102420152375935,-0.104664943350955
"SRL","E",5846,0.394960919427267,0.782364032725168,-0.159005208335664,-1.21584953416304,-0.439108132461383
"SRL","F",31423,0.351556909618037,1.77915505774977,-0.0743458343950819,-0.238647913195469,0.0374436724575718
"SRL","G",88941,0.457612407851683,0.0517289787108088,1.0185208758497,-0.00777122585170283,0.14262476171747
"SRL","H",60714,0.454859501432346,-0.00850658945023459,0.535792594730323,-1.17622008440357,-0.350096110059134
"SRL","I",25078,0.461632794368002,0.148968600251753,1.155615331886,-0.368344026315641,0.189429946947222
"SRL","J",37185,0.448142477821942,0.144955155857166,0.565841584823586,-1.12510990597006,-0.203747454641089
"SRL","K",4786,0.41012496231564,-0.16530535508942,-0.820359482382474,-0.113054987188524,-0.00203697915437234
"SRL","L",10385,0.474148425541091,-0.77000197542622,-0.938277530707657,0.0723451262949679,0.107515994310881
"SRL","M",35576,0.42791240267981,-0.156869595668678,0.139758397332511,-0.393839840632016,-0.228618577442806
"SRL","N",16523,0.423545469733047,0.274152782789404,0.649612214929942,0.18395990188477,0.35574593927835
"SRL","O",132,-0.825872456200621,-0.293800642013971,0.724203211932231,0.26266386865159,-1.26676451173666
"SRL","P",5492,-0.201733394510607,-0.109225428921295,0.72776805101287,-0.249255018968694,-2.56157085162875
"SRL","Q",10622,0.206695296382579,-0.0109868142243626,1.06086451565852,0.280844974986585,-1.39616271739217
"SRL","R",16351,-0.66986162706153,-0.155700149602313,0.482415314976135,-0.921321315797088,0.946287100407707
"SRL","S",7099,-1.03770407024395,0.214582601558982,0.319945529346517,-0.208601876233669,-0.437119892934325
"SRL","T",18,-0.780317408633771,-0.1804149774264,0.390068763493456,0.509690158350691,-2.94650771980135
"SRL","Z",11173,0.382342738011125,-0.331427105026552,-0.135920250065831,-1.01126392761511,-0.424928741230878
